ticker,fiscal_quarter,period_end,revpar_yoy_pct,source_url
MAR,Q1 2019,2019-03-31,1.1,https://marriott.gcs-web.com/news-releases/news-release-details/marriott-international-reports-first-quarter-2019-results
MAR,Q2 2019,2019-06-30,1.2,https://marriott.gcs-web.com/news-releases/news-release-details/marriott-international-reports-second-quarter-2019-results
MAR,Q3 2019,2019-09-30,1.5,https://marriott.gcs-web.com/news-releases/news-release-details/marriott-international-reports-third-quarter-2019-results
MAR,Q4 2019,2019-12-31,1.1,https://marriott.gcs-web.com/news-releases/news-release-details/marriott-international-reports-fourth-quarter-2019-results
MAR,Q1 2020,2020-03-31,-22.5,https://marriott.gcs-web.com/news-releases/news-release-details/marriott-international-reports-first-quarter-2020-results
MAR,Q2 2020,2020-06-30,-84.4,https://marriott.gcs-web.com/news-releases/news-release-details/marriott-international-reports-second-quarter-2020-results
MAR,Q3 2020,2020-09-30,-65.9,https://marriott.gcs-web.com/news-releases/news-release-details/marriott-international-reports-third-quarter-2020-results
MAR,Q4 2020,2020-12-31,-64.1,https://marriott.gcs-web.com/news-releases/news-release-details/marriott-international-reports-fourth-quarter-2020-results
MAR,Q1 2021,2021-03-31,-46.3,https://marriott.gcs-web.com/news-releases/news-release-details/marriott-international-reports-first-quarter-2021-results
MAR,Q2 2021,2021-06-30,262.6,https://marriott.gcs-web.com/news-releases/news-release-details/marriott-international-reports-second-quarter-2021-results
MAR,Q3 2021,2021-09-30,118.4,https://marriott.gcs-web.com/news-releases/news-release-details/marriott-international-reports-third-quarter-2021-results
MAR,Q4 2021,2021-12-31,124.5,https://marriott.gcs-web.com/news-releases/news-release-details/marriott-international-reports-fourth-quarter-2021-results
MAR,Q1 2022,2022-03-31,96.5,https://marriott.gcs-web.com/news-releases/news-release-details/marriott-international-reports-first-quarter-2022-results-and
MAR,Q2 2022,2022-06-30,70.6,https://marriott.gcs-web.com/news-releases/news-release-details/marriott-international-reports-outstanding-second-quarter-2022
MAR,Q3 2022,2022-09-30,36.3,https://marriott.gcs-web.com/news-releases/news-release-details/marriott-international-reports-outstanding-third-quarter-2022
MAR,Q4 2022,2022-12-31,28.8,https://marriott.gcs-web.com/news-releases/news-release-details/marriott-international-reports-fourth-quarter-and-full-year-2022
MAR,Q1 2023,2023-03-31,34.3,https://marriott.gcs-web.com/news-releases/news-release-details/marriott-international-reports-first-quarter-2023-results-and
MAR,Q2 2023,2023-06-30,13.5,https://marriott.gcs-web.com/news-releases/news-release-details/marriott-international-reports-second-quarter-2023-results-and
MAR,Q3 2023,2023-09-30,8.8,https://marriott.gcs-web.com/news-releases/news-release-details/marriott-international-reports-third-quarter-2023-results
MAR,Q4 2023,2023-12-31,7.2,https://marriott.gcs-web.com/news-releases/news-release-details/marriott-international-reports-strong-fourth-quarter-and-full
MAR,Q1 2024,2024-03-31,4.2,https://marriott.gcs-web.com/news-releases/news-release-details/marriott-international-reports-first-quarter-2024-results
MAR,Q2 2024,2024-06-30,4.9,https://marriott.gcs-web.com/news-releases/news-release-details/marriott-international-reports-second-quarter-2024-results
MAR,Q3 2024,2024-09-30,3.0,https://marriott.gcs-web.com/news-releases/news-release-details/marriott-international-reports-third-quarter-2024-results
MAR,Q4 2024,2024-12-31,5.0,https://marriott.gcs-web.com/news-releases/news-release-details/marriott-international-reports-fourth-quarter-and-full-year-2024
MAR,Q1 2025,2025-03-31,4.1,https://marriott.gcs-web.com/node/36081/pdf
MAR,Q2 2025,2025-06-30,1.5,https://marriott.gcs-web.com/news-releases/news-release-details/marriott-international-reports-second-quarter-2025-results
MAR,Q3 2025,2025-09-30,0.5,https://marriott.gcs-web.com/node/36496/pdf
MAR,Q4 2025,2025-12-31,1.9,https://marriott.gcs-web.com/node/36796/pdf
MAR,Q1 2026,2026-03-31,4.2,https://marriott.gcs-web.com/node/37231/pdf
MAR,Q2 2026,2026-06-30,3.4,https://marriott.gcs-web.com/node/37511/pdf
HLT,Q1 2019,2019-03-31,1.8,https://ir.hilton.com/~/media/Files/H/Hilton-Worldwide-IR-V3/quarterly-results/2019/q1-2019-earnings-release.pdf
HLT,Q2 2019,2019-06-30,1.4,https://ir.hilton.com/~/media/Files/H/Hilton-Worldwide-IR-V3/quarterly-results/2019/q2-2019-earnings-release.pdf
HLT,Q3 2019,2019-09-30,0.4,https://ir.hilton.com/~/media/Files/H/Hilton-Worldwide-IR-V3/quarterly-results/2019/q3-2019-earnings-release.pdf
HLT,Q4 2019,2019-12-31,-1.0,https://ir.hilton.com/~/media/Files/H/Hilton-Worldwide-IR-V3/quarterly-results/2019/q4-2019-earnings-release.pdf
HLT,Q1 2020,2020-03-31,-22.6,https://ir.hilton.com/~/media/Files/H/Hilton-Worldwide-IR-V3/quarterly-results/2020/q1-2020-earnings-release.pdf
HLT,Q2 2020,2020-06-30,-81.0,https://ir.hilton.com/~/media/Files/H/Hilton-Worldwide-IR-V3/quarterly-results/2020/q2-2020-earnings-release.pdf
HLT,Q3 2020,2020-09-30,-59.9,https://ir.hilton.com/~/media/Files/H/Hilton-Worldwide-IR-V3/quarterly-results/2020/q3-2020-earnings-release.pdf
HLT,Q4 2020,2020-12-31,-59.2,https://ir.hilton.com/~/media/Files/H/Hilton-Worldwide-IR-V3/quarterly-results/2020/q4-2020-earnings-release.pdf
HLT,Q1 2021,2021-03-31,-38.4,https://ir.hilton.com/~/media/Files/H/Hilton-Worldwide-IR-V3/quarterly-results/2021/q1-2021-earnings-release.pdf
HLT,Q2 2021,2021-06-30,233.8,https://ir.hilton.com/~/media/Files/H/Hilton-Worldwide-IR-V3/quarterly-results/2021/q2-2021-earnings-release.pdf
HLT,Q3 2021,2021-09-30,98.7,https://ir.hilton.com/~/media/Files/H/Hilton-Worldwide-IR-V3/quarterly-results/2021/q3-2021-earnings-release.pdf
HLT,Q4 2021,2021-12-31,104.2,https://ir.hilton.com/~/media/Files/H/Hilton-Worldwide-IR-V3/quarterly-results/2021/q4-2021-earnings-release.pdf
HLT,Q1 2022,2022-03-31,80.5,https://ir.hilton.com/~/media/Files/H/Hilton-Worldwide-IR-V3/quarterly-results/2022/q1-2022-earnings-release.pdf
HLT,Q2 2022,2022-06-30,54.3,https://ir.hilton.com/~/media/Files/H/Hilton-Worldwide-IR-V3/quarterly-results/2022/q2-2022-earnings-release.pdf
HLT,Q3 2022,2022-09-30,29.9,https://ir.hilton.com/~/media/Files/H/Hilton-Worldwide-IR-V3/quarterly-results/2022/q3-2022-earnings-release.pdf
HLT,Q4 2022,2022-12-31,24.8,https://ir.hilton.com/~/media/Files/H/Hilton-Worldwide-IR-V3/quarterly-results/2023/q4-2022-earnings-release.pdf
HLT,Q1 2023,2023-03-31,30.0,https://ir.hilton.com/~/media/Files/H/Hilton-Worldwide-IR-V3/quarterly-results/2023/q1-2023-earnings-release.pdf
HLT,Q2 2023,2023-06-30,12.1,https://ir.hilton.com/~/media/Files/H/Hilton-Worldwide-IR-V3/quarterly-results/2023/q2-2023-earnings-release.pdf
HLT,Q3 2023,2023-09-30,6.8,https://ir.hilton.com/~/media/Files/H/Hilton-Worldwide-IR-V3/quarterly-results/2023/q3-2023-earnings-release.pdf
HLT,Q4 2023,2023-12-31,5.7,https://ir.hilton.com/~/media/Files/H/Hilton-Worldwide-IR-V3/quarterly-results/2024/q4-2023-earnings-release.pdf
HLT,Q1 2024,2024-03-31,2.0,https://ir.hilton.com/~/media/Files/H/Hilton-Worldwide-IR-V3/quarterly-results/2024/q1-2024-earnings-release.pdf
HLT,Q2 2024,2024-06-30,3.5,https://ir.hilton.com/~/media/Files/H/Hilton-Worldwide-IR-V3/quarterly-results/2024/q2-2024-earnings-release.pdf
HLT,Q3 2024,2024-09-30,1.4,https://ir.hilton.com/~/media/Files/H/Hilton-Worldwide-IR-V3/quarterly-results/2024/q3-2024-earnings-release.pdf
HLT,Q4 2024,2024-12-31,3.5,https://ir.hilton.com/~/media/Files/H/Hilton-Worldwide-IR-V3/quarterly-results/2025/q4-2024-earnings-release.pdf
HLT,Q1 2025,2025-03-31,2.5,https://ir.hilton.com/~/media/Files/H/Hilton-Worldwide-IR-V3/quarterly-results/2025/q1-2025-earnings-release.pdf
HLT,Q2 2025,2025-06-30,-0.5,https://ir.hilton.com/~/media/Files/H/Hilton-Worldwide-IR-V3/quarterly-results/2025/q2-2025-earnings-release.pdf
HLT,Q3 2025,2025-09-30,-1.1,https://ir.hilton.com/~/media/Files/H/Hilton-Worldwide-IR-V3/quarterly-results/2025/q3-2025-earnings-release.pdf
HLT,Q4 2025,2025-12-31,0.5,https://ir.hilton.com/~/media/Files/H/Hilton-Worldwide-IR-V3/quarterly-results/2025/q4-2025-earnings-release.pdf
HLT,Q1 2026,2026-03-31,3.6,https://ir.hilton.com/~/media/Files/H/Hilton-Worldwide-IR-V3/quarterly-results/2026/q1-2026-earnings-release.pdf
HLT,Q2 2026,2026-06-30,3.9,https://ir.hilton.com/~/media/Files/H/Hilton-Worldwide-IR-V3/quarterly-results/2026/q2-2026-earnings-release-hlt.pdf
H,Q1 2019,2019-03-31,1.8,https://s203.q4cdn.com/249399152/files/doc_news/2019/05/FINAL-Q1-2019-Earnings-Release.pdf
H,Q2 2019,2019-06-30,1.3,https://www.sec.gov/Archives/edgar/data/1468174/000146817419000086/q22019earningsrelease.htm
H,Q3 2019,2019-09-30,0.0,https://www.sec.gov/Archives/edgar/data/1468174/000146817419000109/q32019earningsrelease.htm
H,Q4 2019,2019-12-31,-0.5,https://s203.q4cdn.com/249399152/files/doc_events/2020/Q4-2019-Earnings-Release.pdf
H,Q1 2020,2020-03-31,-28.1,https://newsroom.hyatt.com/2020_q1_results
H,Q2 2020,2020-06-30,-89.4,https://www.sec.gov/Archives/edgar/data/1468174/000146817420000077/q22020earningsrelease.htm
H,Q3 2020,2020-09-30,-72.0,https://s203.q4cdn.com/249399152/files/doc_news/2020/11/Q3-2020-Earnings-Release-FINALx.pdf
H,Q4 2020,2020-12-31,-68.9,https://s203.q4cdn.com/249399152/files/doc_news/2021/02/Q4-2020-Earnings-Release.pdf
H,Q1 2021,2021-03-31,-48.9,https://s203.q4cdn.com/249399152/files/doc_news/2021/05/Q1-2021-Earnings-Release.pdf
H,Q2 2021,2021-06-30,361.5,https://s203.q4cdn.com/249399152/files/doc_news/2021/08/Q2-2021-Earnings-Release.pdf
H,Q3 2021,2021-09-30,137.8,https://www.sec.gov/Archives/edgar/data/1468174/000146817421000111/q32021earningsrelease.htm
H,Q4 2021,2021-12-31,131.8,https://www.sec.gov/Archives/edgar/data/1468174/000146817422000009/q42021earningsrelease.htm
H,Q1 2022,2022-03-31,107.2,https://www.sec.gov/Archives/edgar/data/1468174/000146817422000058/q12022earningsrelease.htm
H,Q2 2022,2022-06-30,81.7,https://s203.q4cdn.com/249399152/files/doc_news/2022/08/Final-Q2-2022-Earnings-Release-Full.pdf
H,Q3 2022,2022-09-30,45.9,https://www.sec.gov/Archives/edgar/data/1468174/000146817422000104/q32022earningsrelease.htm
H,Q4 2022,2022-12-31,34.8,https://s203.q4cdn.com/249399152/files/doc_financials/2022/q4/Final-Q4-2022-Earnings-Release-Full.pdf
H,Q1 2023,2023-03-31,42.9,https://s203.q4cdn.com/249399152/files/doc_news/2023/05/Final-Q1-2023-Earnings-Release-Full.pdf
H,Q2 2023,2023-06-30,15.0,https://s203.q4cdn.com/249399152/files/doc_financials/2023/q2/Final-Q2-2023-Earnings-Release-Full.pdf
H,Q3 2023,2023-09-30,8.9,https://www.sec.gov/Archives/edgar/data/1468174/000146817423000093/q32023earningsrelease.htm
H,Q4 2023,2023-12-31,9.1,https://s203.q4cdn.com/249399152/files/doc_financials/2023/q4/Final-Q4-2023-Earnings-Release-Full.pdf
H,Q1 2024,2024-03-31,5.5,https://s203.q4cdn.com/249399152/files/doc_financials/2024/q1/Final-Q1-2024-Earnings-Release-Full.pdf
H,Q2 2024,2024-06-30,4.7,https://s203.q4cdn.com/249399152/files/doc_financials/2024/q2/Final-Q2-2024-Earnings-Release-Full.pdf
H,Q3 2024,2024-09-30,3.0,https://www.sec.gov/Archives/edgar/data/1468174/000146817424000105/q32024earningsrelease.htm
H,Q4 2024,2024-12-31,5.0,https://www.sec.gov/Archives/edgar/data/1468174/000146817425000006/q42024earningsrelease.htm
H,Q1 2025,2025-03-31,5.7,https://s203.q4cdn.com/249399152/files/doc_financials/2025/q1/2025-Q1-Earnings-Release-Full.pdf
H,Q2 2025,2025-06-30,1.6,https://s203.q4cdn.com/249399152/files/doc_financials/2025/q2/v2/Final-Q2-2025-Earnings-Release-8-7-25.pdf
H,Q3 2025,2025-09-30,0.3,https://s203.q4cdn.com/249399152/files/doc_financials/2025/q3/v2/Final-Q3-2025-Earnings-Release-Full-1.pdf
H,Q4 2025,2025-12-31,4.0,https://s203.q4cdn.com/249399152/files/doc_financials/2025/q4/Final-Q4-2025-Earnings-Release-Full.pdf
H,Q1 2026,2026-03-31,5.4,https://s203.q4cdn.com/249399152/files/doc_financials/2026/q1/Final-Q1-2026-Earnings-Release.pdf
H,Q2 2026,2026-06-30,5.9,https://s203.q4cdn.com/249399152/files/doc_financials/2026/q2/Final-Q2-2026-Earnings-Release.pdf
